	MSK-VB-0001	MSK-VB-0008	MSK-VB-0023	MSK-VB-0029	MSK-VB-0040	MSK-VB-0041	MSK-VB-0044	MSK-VB-0046	MSK-VB-0050	MSK-VB-0057	MSK-VB-0063	MSK-VL-0002	MSK-VL-0003	MSK-VL-0017	MSK-VL-0042	MSK-VL-0048	MSK-VL-0054	MSK-VL-0055	MSK-VL-0056	MSK-VP-0014	MSK-VP-0021	MSK-VP-0026	MSK-VP-0046	MSK-VP-0047	MSK-VP-0057	W044216563370	W044216563959	W044216564054	W044216564621
A:C	0	0	1	0	0	0	0	0	0	0	0	0	0	0	0	0	0	0	0	0	0	0	0	0	0	0	0	0	0
A:G	0	0	0	1	0	0	0	0	0	0	1	1	0	0	0	0	0	0	0	0	0	0	0	0	0	0	0	1	0
AC:A	0	0	0	0	0	0	0	0	0	0	0	0	0	0	0	0	0	0	0	0	0	0	0	1	0	0	0	1	0
AT:A	1	0	0	0	1	0	0	0	0	0	0	0	0	0	0	0	0	0	0	0	0	0	0	0	0	0	0	0	0
C:A	0	0	1	2	1	0	0	0	2	1	1	0	0	0	0	1	0	1	0	0	0	0	0	0	0	1	1	0	0
C:G	0	0	6	1	0	0	0	0	4	0	0	1	0	0	0	0	1	0	0	0	1	0	0	1	0	1	0	0	0
C:T	0	0	60	1	0	0	0	1	5	0	0	0	1	2	0	0	0	0	1	0	0	1	0	0	1	2	0	1	0
CA:C	0	0	0	1	0	0	0	0	0	0	0	0	0	1	0	0	0	0	0	0	0	0	0	1	0	0	0	1	0
CCAGCACACTGAGAAT:C	0	0	0	0	0	1	0	0	0	0	0	0	0	0	0	0	0	0	0	0	0	0	0	0	0	0	0	0	0
CTG:C	0	0	0	0	0	0	0	0	0	0	0	0	0	0	0	0	0	0	0	0	0	0	0	1	0	0	0	0	0
G:A	0	0	42	3	2	0	0	0	2	0	0	0	0	2	0	0	0	0	0	1	0	0	0	1	0	2	0	1	1
G:C	0	1	10	0	1	1	1	0	2	0	1	0	0	1	0	0	0	0	0	0	0	0	0	0	0	1	0	0	0
G:GT	0	0	0	0	0	0	0	0	0	0	0	0	0	0	0	0	0	0	0	0	0	0	0	1	0	0	0	0	0
G:GTTCCC	0	0	0	1	0	0	0	0	0	0	0	0	0	0	0	0	0	0	0	0	0	0	0	0	0	0	0	0	0
G:T	0	0	1	0	0	0	0	0	4	0	0	0	0	0	0	0	0	0	0	0	0	0	0	0	0	0	1	0	0
GCTGGGGAGGAGTCATC:G	0	0	0	1	0	0	0	0	0	0	0	0	0	0	0	0	0	0	0	0	0	0	0	0	0	0	0	0	0
GTGGGTT:G	0	0	0	1	0	0	0	0	0	0	0	0	0	0	0	0	0	0	0	0	0	0	0	0	0	0	0	0	0
T:A	0	0	0	0	1	0	0	0	1	0	0	0	0	0	0	0	0	0	0	0	0	0	0	0	0	1	0	0	0
T:C	0	0	0	1	0	0	0	0	0	0	0	0	0	0	0	0	1	0	0	0	0	0	0	0	0	0	0	1	0
T:G	0	1	0	0	0	0	0	0	0	0	0	0	0	0	0	0	0	0	0	0	0	0	0	0	0	0	0	0	0
T:TA	0	0	0	0	0	0	0	0	0	0	0	0	0	0	0	0	0	0	0	0	0	0	0	1	0	0	0	0	0
TA:T	0	0	0	0	0	0	0	0	0	0	0	0	0	0	0	0	0	0	0	0	0	0	1	0	0	0	0	0	0
TACA:T	0	0	0	0	0	0	0	0	0	0	0	0	0	0	1	0	0	0	0	0	0	0	0	0	0	0	0	0	0